{"rate_limit_storm": 1773624658.3833878, "message_burst": 1773590724.660416, "notified_order_ids": ["aIIx1NxiWa0LBo1BzLr5"], "embedded_error_storm": 1773624659.463459}