{"rate_limit_storm": 1773646176.949527, "message_burst": 1773590724.660416, "notified_order_ids": ["aIIx1NxiWa0LBo1BzLr5", "KbFt0IZvtWGIsxJQRk63"], "embedded_error_storm": 1773635774.964546}